<?xml version="1.0" encoding="UTF-8"?>
<beans xmlns="http://www.springframework.org/schema/beans"
  xmlns:p="http://www.springframework.org/schema/p"
  xmlns:xsi="http://www.w3.org/2001/XMLSchema-instance"
  xmlns:context="http://www.springframework.org/schema/context"
  xmlns:mvc="http://www.springframework.org/schema/mvc"
  xsi:schemaLocation="
    http://www.springframework.org/schema/beans
    http://www.springframework.org/schema/beans/spring-beans-3.2.xsd
    http://www.springframework.org/schema/context
    http://www.springframework.org/schema/context/spring-context-3.2.xsd
    http://www.springframework.org/schema/mvc
    http://www.springframework.org/schema/mvc/spring-mvc-3.2.xsd">
 
    <!-- 启用springmvc注解     静态资源获取
    <mvc:annotation-driven/>                                    
    <mvc:resources mapping="/js/**" location="/js/"/>  
    -->
    <mvc:annotation-driven/> 
  
    <!-- 启用spring注解-->
    <context:annotation-config/>
    <!-- 扫描controller（controller层注入） -->
    <context:component-scan base-package="action"/>
    
    <!-- 对模型视图添加前后缀 -->
    <bean id="viewResolver" 
     class="org.springframework.web.servlet.view.InternalResourceViewResolver"
     p:prefix="/"  p:suffix=".jsp"/>
     
    <bean id="multipartResolver" class="org.springframework.web.multipart.commons.CommonsMultipartResolver">
        <property name="maxUploadSize" value="32505856" /><!-- 上传文件大小限制为31M，31*1024*1024 -->
        <property name="maxInMemorySize" value="4096" />
    </bean>
</beans>